{
  "TGIF": {
    "accuracy": 0.9884062267485118,
    "precision": 0.9177002818616836,
    "recall": 0.8974553136394751,
    "f1": 0.9074648936864231,
    "iou": 0.8306047994194625,
    "tp": 5750488,
    "fp": 515706,
    "tn": 94231562,
    "fn": 657060,
    "dataset": "TGIF",
    "model": "ConvNeXt-L U-Net baseline",
    "n_samples": 686
  },
  "AutoSplice": {
    "accuracy": 0.6071572188911999,
    "precision": 0.915009060104768,
    "recall": 0.044566421885887074,
    "f1": 0.08499316654584842,
    "iou": 0.04438269670170964,
    "tp": 9741805,
    "fp": 904871,
    "tn": 314442613,
    "fn": 208848887,
    "dataset": "AutoSplice",
    "model": "ConvNeXt-L U-Net baseline",
    "n_samples": 3621
  },
  "CASIA v2": {
    "accuracy": 0.9108781227358204,
    "precision": 0.7023098984574767,
    "recall": 0.010168174204513407,
    "f1": 0.020046116692848885,
    "iou": 0.010124537316784267,
    "tp": 688598,
    "fp": 291878,
    "tn": 687404301,
    "fn": 67032311,
    "dataset": "CASIA v2",
    "model": "ConvNeXt-L U-Net baseline",
    "n_samples": 5123
  },
  "IMD2020": {
    "accuracy": 0.9121290418836804,
    "precision": 0.22081086100721345,
    "recall": 0.016239215748241494,
    "f1": 0.030253481536585757,
    "iou": 0.015359074149315878,
    "tp": 60634,
    "fp": 213963,
    "tn": 40289036,
    "fn": 3673167,
    "dataset": "IMD2020",
    "model": "ConvNeXt-L U-Net baseline",
    "n_samples": 300
  }
}