{
  "cross_domain": {
    "baseline": {
      "TGIF": {
        "accuracy": 0.9884062267485118,
        "precision": 0.9177002818616836,
        "recall": 0.8974553136394751,
        "f1": 0.9074648936864231,
        "iou": 0.8306047994194625,
        "tp": 5750488,
        "fp": 515706,
        "tn": 94231562,
        "fn": 657060,
        "dataset": "TGIF",
        "model": "ConvNeXt-L U-Net baseline",
        "n_samples": 686
      },
      "AutoSplice": {
        "accuracy": 0.6071572188911999,
        "precision": 0.915009060104768,
        "recall": 0.044566421885887074,
        "f1": 0.08499316654584842,
        "iou": 0.04438269670170964,
        "tp": 9741805,
        "fp": 904871,
        "tn": 314442613,
        "fn": 208848887,
        "dataset": "AutoSplice",
        "model": "ConvNeXt-L U-Net baseline",
        "n_samples": 3621
      },
      "CASIA v2": {
        "accuracy": 0.9108781227358204,
        "precision": 0.7023098984574767,
        "recall": 0.010168174204513407,
        "f1": 0.020046116692848885,
        "iou": 0.010124537316784267,
        "tp": 688598,
        "fp": 291878,
        "tn": 687404301,
        "fn": 67032311,
        "dataset": "CASIA v2",
        "model": "ConvNeXt-L U-Net baseline",
        "n_samples": 5123
      },
      "IMD2020": {
        "accuracy": 0.9121290418836804,
        "precision": 0.22081086100721345,
        "recall": 0.016239215748241494,
        "f1": 0.030253481536585757,
        "iou": 0.015359074149315878,
        "tp": 60634,
        "fp": 213963,
        "tn": 40289036,
        "fn": 3673167,
        "dataset": "IMD2020",
        "model": "ConvNeXt-L U-Net baseline",
        "n_samples": 300
      }
    },
    "novelty": {
      "TGIF": {
        "accuracy": 0.9919365974626456,
        "precision": 0.9470644142899522,
        "recall": 0.9243716941332302,
        "f1": 0.9355804651543418,
        "iou": 0.8789583842835184,
        "tp": 5922956,
        "fp": 331060,
        "tn": 94416208,
        "fn": 484592,
        "dataset": "TGIF",
        "model": "Full novelty augmented",
        "n_samples": 686
      },
      "AutoSplice": {
        "accuracy": 0.6145289056836423,
        "precision": 0.9400147675672139,
        "recall": 0.06241619382402614,
        "f1": 0.11705971903181128,
        "iou": 0.06216857828968248,
        "tp": 13643599,
        "fp": 870640,
        "tn": 314476844,
        "fn": 204947093,
        "dataset": "AutoSplice",
        "model": "Full novelty augmented",
        "n_samples": 3621
      },
      "CASIA v2": {
        "accuracy": 0.9109596445877591,
        "precision": 0.745378634476562,
        "recall": 0.010278745667752331,
        "f1": 0.020277860072268773,
        "iou": 0.010242781011735773,
        "tp": 696086,
        "fp": 237783,
        "tn": 687458396,
        "fn": 67024823,
        "dataset": "CASIA v2",
        "model": "Full novelty augmented",
        "n_samples": 5123
      },
      "IMD2020": {
        "accuracy": 0.9129674388744211,
        "precision": 0.2586267759176938,
        "recall": 0.0166787142646327,
        "f1": 0.031336548625855006,
        "iou": 0.015917677427468132,
        "tp": 62275,
        "fp": 178516,
        "tn": 40324483,
        "fn": 3671526,
        "dataset": "IMD2020",
        "model": "Full novelty augmented",
        "n_samples": 300
      }
    },
    "notes": {
      "best_model": "best_full_novelty_aug.pth",
      "best_model_known_test_iou": 0.8742,
      "baseline": "best_base_1_convnextl_unet.pth",
      "imd2020_note": "IMD2020 capped to 300 indexed/evaluated samples initially for stability."
    },
    "paths": {
      "tgif": "/home/ubuntu/deepfake_assets/tgif/subset",
      "autosplice": "/home/ubuntu/deepfake_assets/convnext-checkpoint/AutoSplice/AutoSplice",
      "casia": "/home/ubuntu/deepfake_assets/convnext-checkpoint/CASIA_v2/casia",
      "imd2020": "/home/ubuntu/deepfake_assets/convnext-checkpoint/IMD2020",
      "checkpoints": "/home/ubuntu/deepfake_assets/convnext-checkpoints"
    }
  },
  "faithfulness": {
    "TGIF": {
      "ConvNeXt-L U-Net baseline": {
        "dataset": "TGIF",
        "model": "ConvNeXt-L U-Net baseline",
        "mean_correlation": 0.40904275647270333,
        "std_correlation": 0.2793897769106938,
        "mean_cam_inside_mask": 0.20220530605874956,
        "std_cam_inside_mask": 0.21069529223914318,
        "n_evaluated": 10
      },
      "Full novelty augmented": {
        "dataset": "TGIF",
        "model": "Full novelty augmented",
        "mean_correlation": 0.7865413405293049,
        "std_correlation": 0.2980705230431552,
        "mean_cam_inside_mask": 0.723651710228296,
        "std_cam_inside_mask": 0.2795334947051316,
        "n_evaluated": 10
      }
    },
    "AutoSplice": {
      "ConvNeXt-L U-Net baseline": {
        "dataset": "AutoSplice",
        "model": "ConvNeXt-L U-Net baseline",
        "mean_correlation": 0.04111556275859198,
        "std_correlation": 0.28791992783389386,
        "mean_cam_inside_mask": 0.2716798413544893,
        "std_cam_inside_mask": 0.2754338811688972,
        "n_evaluated": 10
      },
      "Full novelty augmented": {
        "dataset": "AutoSplice",
        "model": "Full novelty augmented",
        "mean_correlation": 0.17315971994757398,
        "std_correlation": 0.3587284757239945,
        "mean_cam_inside_mask": 0.5266738237347454,
        "std_cam_inside_mask": 0.4107026947427902,
        "n_evaluated": 10
      }
    },
    "CASIA v2": {
      "ConvNeXt-L U-Net baseline": {
        "dataset": "CASIA v2",
        "model": "ConvNeXt-L U-Net baseline",
        "mean_correlation": 0.03958241321190904,
        "std_correlation": 0.08116827807706702,
        "mean_cam_inside_mask": 0.08463774437550456,
        "std_cam_inside_mask": 0.253145223955635,
        "n_evaluated": 10
      },
      "Full novelty augmented": {
        "dataset": "CASIA v2",
        "model": "Full novelty augmented",
        "mean_correlation": -0.05331438089872612,
        "std_correlation": 0.06919064645826255,
        "mean_cam_inside_mask": 0.12846270009322325,
        "std_cam_inside_mask": 0.30027329410057924,
        "n_evaluated": 10
      }
    },
    "IMD2020": {
      "ConvNeXt-L U-Net baseline": {
        "dataset": "IMD2020",
        "model": "ConvNeXt-L U-Net baseline",
        "mean_correlation": -0.11065986099289928,
        "std_correlation": 0.12077993027491526,
        "mean_cam_inside_mask": 0.009081858358695172,
        "std_cam_inside_mask": 0.017937756584144704,
        "n_evaluated": 10
      },
      "Full novelty augmented": {
        "dataset": "IMD2020",
        "model": "Full novelty augmented",
        "mean_correlation": -0.06639910326412421,
        "std_correlation": 0.029224304876563516,
        "mean_cam_inside_mask": 3.4685035643633455e-05,
        "std_cam_inside_mask": 0.00010075256932993603,
        "n_evaluated": 10
      }
    }
  },
  "models": {
    "best_model": {
      "name": "Full novelty augmented",
      "checkpoint": "/home/ubuntu/deepfake_assets/convnext-checkpoints/best_full_novelty_aug.pth",
      "known_test_iou": 0.8742
    },
    "baseline": {
      "name": "ConvNeXt-L U-Net baseline",
      "checkpoint": "/home/ubuntu/deepfake_assets/convnext-checkpoints/best_base_1_convnextl_unet.pth"
    }
  },
  "settings": {
    "image_size": 384,
    "batch_size": 8,
    "binary_threshold": 0.5,
    "gradcam_samples": 2,
    "faithfulness_samples": 10
  }
}