{
  "TGIF": {
    "accuracy": 0.9919365974626456,
    "precision": 0.9470644142899522,
    "recall": 0.9243716941332302,
    "f1": 0.9355804651543418,
    "iou": 0.8789583842835184,
    "tp": 5922956,
    "fp": 331060,
    "tn": 94416208,
    "fn": 484592,
    "dataset": "TGIF",
    "model": "Full novelty augmented",
    "n_samples": 686
  },
  "AutoSplice": {
    "accuracy": 0.6145289056836423,
    "precision": 0.9400147675672139,
    "recall": 0.06241619382402614,
    "f1": 0.11705971903181128,
    "iou": 0.06216857828968248,
    "tp": 13643599,
    "fp": 870640,
    "tn": 314476844,
    "fn": 204947093,
    "dataset": "AutoSplice",
    "model": "Full novelty augmented",
    "n_samples": 3621
  },
  "CASIA v2": {
    "accuracy": 0.9109596445877591,
    "precision": 0.745378634476562,
    "recall": 0.010278745667752331,
    "f1": 0.020277860072268773,
    "iou": 0.010242781011735773,
    "tp": 696086,
    "fp": 237783,
    "tn": 687458396,
    "fn": 67024823,
    "dataset": "CASIA v2",
    "model": "Full novelty augmented",
    "n_samples": 5123
  },
  "IMD2020": {
    "accuracy": 0.9129674388744211,
    "precision": 0.2586267759176938,
    "recall": 0.0166787142646327,
    "f1": 0.031336548625855006,
    "iou": 0.015917677427468132,
    "tp": 62275,
    "fp": 178516,
    "tn": 40324483,
    "fn": 3671526,
    "dataset": "IMD2020",
    "model": "Full novelty augmented",
    "n_samples": 300
  }
}